Workbook

Sheet films_csv
A1: DATA SOURCE 1 — films.csv (CSV File 1 Loaded)
A2: Film ID | B2: Title | C2: Year | D2: Genre | E2: Director | F2: IMDb Rating | G2: Budget ($M) | H2: Box Office ($M)
A3: 1 | B3: The Dark Knight | C3: 2008 | D3: Action | E3: Christopher Nolan | F3: 9 | G3: 185 | H3: 1005
A4: 2 | B4: Inception | C4: 2010 | D4: Sci-Fi | E4: Christopher Nolan | F4: 8.8 | G4: 160 | H4: 836
A5: 3 | B5: Parasite | C5: 2019 | D5: Thriller | E5: Bong Joon-ho | F5: 8.5 | G5: 11.4 | H5: 258
A6: 4 | B6: Avengers Endgame | C6: 2019 | D6: Action | E6: Anthony Russo | F6: 8.4 | G6: 356 | H6: 2798
A7: 5 | B7: The Godfather | C7: 1972 | D7: Crime | E7: Francis Ford Coppola | F7: 9.2 | G7: 6 | H7: 245
A8: 6 | B8: Interstellar | C8: 2014 | D8: Sci-Fi | E8: Christopher Nolan | F8: 8.6 | G8: 165 | H8: 701
A9: 7 | B9: Joker | C9: 2019 | D9: Drama | E9: Todd Phillips | F9: 8.4 | G9: 55 | H9: 1079
A10: 8 | B10: Black Panther | C10: 2018 | D10: Action | E10: Ryan Coogler | F10: 7.3 | G10: 200 | H10: 1347
A11: 9 | B11: Get Out | C11: 2017 | D11: Horror | E11: Jordan Peele | F11: 7.7 | G11: 4.5 | H11: 255
A12: 10 | B12: Mad Max: Fury Road | C12: 2015 | D12: Action | E12: George Miller | F12: 8.1 | G12: 150 | H12: 374

Sheet reviews_csv
A1: DATA SOURCE 2 — reviews.csv (CSV File 2 Loaded)
A2: Review ID | B2: Film ID | C2: Reviewer | D2: Platform | E2: Score | F2: Year Reviewed
A3: 101 | B3: 1 | C3: John Smith | D3: Rotten Tomatoes | E3: 94 | F3: 2008
A4: 102 | B4: 1 | C4: Jane Doe | D4: IMDb | E4: 9 | F4: 2008
A5: 103 | B5: 2 | C5: Alice Brown | D5: Metacritic | E5: 74 | F5: 2010
A6: 104 | B6: 2 | C6: Bob Wilson | D6: IMDb | E6: 8.8 | F6: 2010
A7: 105 | B7: 3 | C7: Chris Lee | D7: Rotten Tomatoes | E7: 99 | F7: 2019
A8: 106 | B8: 3 | C8: Diana Prince | D8: Metacritic | E8: 96 | F8: 2019
A9: 107 | B9: 4 | C9: Eve Adams | D9: IMDb | E9: 8.4 | F9: 2019
A10: 108 | B10: 5 | C10: Frank Castle | D10: Rotten Tomatoes | E10: 97 | F10: 2022
A11: 109 | B11: 6 | C11: Grace Kelly | D11: IMDb | E11: 8.6 | F11: 2014
A12: 110 | B12: 7 | C12: Henry James | D12: Metacritic | E12: 59 | F12: 2019
A13: 111 | B13: 7 | C13: Iris West | D13: Rotten Tomatoes | E13: 69 | F13: 2019
A14: 112 | B14: 8 | C14: Jack Ryan | D14: IMDb | E14: 7.3 | F14: 2018
... A16: 114 | B16: 10 | C16: Liam Neeson | D16: IMDb | E16: 8.1 | F16: 2015

Sheet Box Office Summary
A1: EXCEL WORKBOOK — Sheet 1: Box Office Summary
A2: Film | B2: Year | C2: Genre | D2: Budget ($M) | E2: Box Office ($M) | F2: Profit ($M) | G2: ROI (%)
A3: The Dark Knight | B3: 2008 | C3: Action | D3: 185 | E3: 1005 | F3: =E3-D3 -> 820 | G3: =(E3-D3)/D3 -> 4.4324324
A4: Inception | B4: 2010 | C4: Sci-Fi | D4: 160 | E4: 836 | F4: =E4-D4 -> 676 | G4: =(E4-D4)/D4 -> 4.225
A5: Parasite | B5: 2019 | C5: Thriller | D5: 11.4 | E5: 258 | F5: =E5-D5 -> 246.6 | G5: =(E5-D5)/D5 -> 21.631579
A6: Avengers Endgame | B6: 2019 | C6: Action | D6: 356 | E6: 2798 | F6: =E6-D6 -> 2442 | G6: =(E6-D6)/D6 -> 6.8595506
A7: The Godfather | B7: 1972 | C7: Crime | D7: 6 | E7: 245 | F7: =E7-D7 -> 239 | G7: =(E7-D7)/D7 -> 39.833333
A8: Interstellar | B8: 2014 | C8: Sci-Fi | D8: 165 | E8: 701 | F8: =E8-D8 -> 536 | G8: =(E8-D8)/D8 -> 3.2484848
A9: Joker | B9: 2019 | C9: Drama | D9: 55 | E9: 1079 | F9: =E9-D9 -> 1024 | G9: =(E9-D9)/D9 -> 18.618182
A10: Black Panther | B10: 2018 | C10: Action | D10: 200 | E10: 1347 | F10: =E10-D10 -> 1147 | G10: =(E10-D10)/D10 -> 5.735
A11: Get Out | B11: 2017 | C11: Horror | D11: 4.5 | E11: 255 | F11: =E11-D11 -> 250.5 | G11: =(E11-D11)/D11 -> 55.666667
A12: Mad Max: Fury Road | B12: 2015 | C12: Action | D12: 150 | E12: 374 | F12: =E12-D12 -> 224 | G12: =(E12-D12)/D12 -> 1.4933333
A13: TOTALS / AVERAGES | D13: =SUM(D3:D12) -> 1292.9 | E13: =SUM(E3:E12) -> 8898 | F13: =SUM(F3:F12) -> 7605.1 | G13: =AVERAGE(G3:G12) -> 16.174356

Sheet Genre Analysis
A1: EXCEL WORKBOOK — Sheet 2: Genre Analysis
A2: Genre | B2: Film Count | C2: Avg IMDb Rating | D2: Total Box Office ($M) | E2: % of Total
A3: Action | B3: 4 | C3: 8.2 | D3: 5524 | E3: =D3/SUM($D$3:$D$8) -> 0.62081367
A4: Sci-Fi | B4: 2 | C4: 8.7 | D4: 1537 | E4: =D4/SUM($D$3:$D$8) -> 0.17273545
A5: Thriller | B5: 1 | C5: 8.5 | D5: 258 | E5: =D5/SUM($D$3:$D$8) -> 0.02899528
A6: Crime | B6: 1 | C6: 9.2 | D6: 245 | E6: =D6/SUM($D$3:$D$8) -> 0.027534277
A7: Drama | B7: 1 | C7: 8.4 | D7: 1079 | E7: =D7/SUM($D$3:$D$8) -> 0.12126321
A8: Horror | B8: 1 | C8: 7.7 | D8: 255 | E8: =D8/SUM($D$3:$D$8) -> 0.028658125

Sheet Merged Analysis
A1: MERGED ANALYSIS — films.csv + reviews.csv + Excel Workbook (VLOOKUP / AVERAGEIF)
A2: Film ID | B2: Title | C2: Year | D2: Genre | E2: Director | F2: IMDb Rating | G2: Budget ($M) | H2: Box Office ($M) | I2: Profit ($M) | J2: ROI (%) | K2: Avg Review Score
A3: =films_csv!A3 -> 1 | B3: =films_csv!B3 -> The Dark Knight | C3: =films_csv!C3 -> 2008 | D3: =films_csv!D3 -> Action | E3: =films_csv!E3 -> Christopher Nolan | F3: =films_csv!F3 -> 9 | G3: =films_csv!G3 -> 185 | H3: =films_csv!H3 -> 1005 | I3: =H3-G3 -> 820 | J3: =(H3-G3)/G3 -> 4.4324324 | K3: =IFERROR(AVERAGEIF(reviews_csv!$B$3:$B$16,A3,reviews_csv!$E$3:$E$16),"N/A") -> 51.5
A4: =films_csv!A4 -> 2 | B4: =films_csv!B4 -> Inception | C4: =films_csv!C4 -> 2010 | D4: =films_csv!D4 -> Sci-Fi | E4: =films_csv!E4 -> Christopher Nolan | F4: =films_csv!F4 -> 8.8 | G4: =films_csv!G4 -> 160 | H4: =films_csv!H4 -> 836 | I4: =H4-G4 -> 676 | J4: =(H4-G4)/G4 -> 4.225 | K4: =IFERROR(AVERAGEIF(reviews_csv!$B$3:$B$16,A4,reviews_csv!$E$3:$E$16),"N/A") -> 41.4
A5: =films_csv!A5 -> 3 | B5: =films_csv!B5 -> Parasite | C5: =films_csv!C5 -> 2019 | D5: =films_csv!D5 -> Thriller | E5: =films_csv!E5 -> Bong Joon-ho | F5: =films_csv!F5 -> 8.5 | G5: =films_csv!G5 -> 11.4 | H5: =films_csv!H5 -> 258 | I5: =H5-G5 -> 246.6 | J5: =(H5-G5)/G5 -> 21.631579 | K5: =IFERROR(AVERAGEIF(reviews_csv!$B$3:$B$16,A5,reviews_csv!$E$3:$E$16),"N/A") -> 97.5
A6: =films_csv!A6 -> 4 | B6: =films_csv!B6 -> Avengers Endgame | C6: =films_csv!C6 -> 2019 | D6: =films_csv!D6 -> Action | E6: =films_csv!E6 -> Anthony Russo | F6: =films_csv!F6 -> 8.4 | G6: =films_csv!G6 -> 356 | H6: =films_csv!H6 -> 2798 | I6: =H6-G6 -> 2442 | J6: =(H6-G6)/G6 -> 6.8595506 | K6: =IFERROR(AVERAGEIF(reviews_csv!$B$3:$B$16,A6,reviews_csv!$E$3:$E$16),"N/A") -> 8.4
A7: =films_csv!A7 -> 5 | B7: =films_csv!B7 -> The Godfather | C7: =films_csv!C7 -> 1972 | D7: =films_csv!D7 -> Crime | E7: =films_csv!E7 -> Francis Ford Coppola | F7: =films_csv!F7 -> 9.2 | G7: =films_csv!G7 -> 6 | H7: =films_csv!H7 -> 245 | I7: =H7-G7 -> 239 | J7: =(H7-G7)/G7 -> 39.833333 | K7: =IFERROR(AVERAGEIF(reviews_csv!$B$3:$B$16,A7,reviews_csv!$E$3:$E$16),"N/A") -> 97
A8: =films_csv!A8 -> 6 | B8: =films_csv!B8 -> Interstellar | C8: =films_csv!C8 -> 2014 | D8: =films_csv!D8 -> Sci-Fi | E8: =films_csv!E8 -> Christopher Nolan | F8: =films_csv!F8 -> 8.6 | G8: =films_csv!G8 -> 165 | H8: =films_csv!H8 -> 701 | I8: =H8-G8 -> 536 | J8: =(H8-G8)/G8 -> 3.2484848 | K8: =IFERROR(AVERAGEIF(reviews_csv!$B$3:$B$16,A8,reviews_csv!$E$3:$E$16),"N/A") -> 8.6
A9: =films_csv!A9 -> 7 | B9: =films_csv!B9 -> Joker | C9: =films_csv!C9 -> 2019 | D9: =films_csv!D9 -> Drama | E9: =films_csv!E9 -> Todd Phillips | F9: =films_csv!F9 -> 8.4 | G9: =films_csv!G9 -> 55 | H9: =films_csv!H9 -> 1079 | I9: =H9-G9 -> 1024 | J9: =(H9-G9)/G9 -> 18.618182 | K9: =IFERROR(AVERAGEIF(reviews_csv!$B$3:$B$16,A9,reviews_csv!$E$3:$E$16),"N/A") -> 64
A10: =films_csv!A10 -> 8 | B10: =films_csv!B10 -> Black Panther | C10: =films_csv!C10 -> 2018 | D10: =films_csv!D10 -> Action | E10: =films_csv!E10 -> Ryan Coogler | F10: =films_csv!F10 -> 7.3 | G10: =films_csv!G10 -> 200 | H10: =films_csv!H10 -> 1347 | I10: =H10-G10 -> 1147 | J10: =(H10-G10)/G10 -> 5.735 | K10: =IFERROR(AVERAGEIF(reviews_csv!$B$3:$B$16,A10,reviews_csv!$E$3:$E$16),"N/A") -> 7.3
A11: =films_csv!A11 -> 9 | B11: =films_csv!B11 -> Get Out | C11: =films_csv!C11 -> 2017 | D11: =films_csv!D11 -> Horror | E11: =films_csv!E11 -> Jordan Peele | F11: =films_csv!F11 -> 7.7 | G11: =films_csv!G11 -> 4.5 | H11: =films_csv!H11 -> 255 | I11: =H11-G11 -> 250.5 | J11: =(H11-G11)/G11 -> 55.666667 | K11: =IFERROR(AVERAGEIF(reviews_csv!$B$3:$B$16,A11,reviews_csv!$E$3:$E$16),"N/A") -> 98
A12: =films_csv!A12 -> 10 | B12: =films_csv!B12 -> Mad Max: Fury Road | C12: =films_csv!C12 -> 2015 | D12: =films_csv!D12 -> Action | E12: =films_csv!E12 -> George Miller | F12: =films_csv!F12 -> 8.1 | G12: =films_csv!G12 -> 150 | H12: =films_csv!H12 -> 374 | I12: =H12-G12 -> 224 | J12: =(H12-G12)/G12 -> 1.4933333 | K12: =IFERROR(AVERAGEIF(reviews_csv!$B$3:$B$16,A12,reviews_csv!$E$3:$E$16),"N/A") -> 8.1

Sheet Film Report Dashboard
A1: FILM DATA ANALYSIS — FINAL REPORT DASHBOARD
A2: Data Sources: films.csv | reviews.csv | Excel Workbook: Box Office Summary + Genre Analysis
A3: Total Films | C3: Top Rating | E3: Top Box Office | G3: Best ROI | I3: Reviews Loaded | K3: Genres
A4: 10 | C4: 9.2/10 | E4: $2,798M | G4: 5,467% | I4: 14 | K4: 6
A6: TOP FILMS — RANKED BY BOX OFFICE | I6: GENRE BREAKDOWN
A7: Rank | B7: Title | C7: Year | D7: Genre | E7: IMDb Rating | F7: Box Office ($M) | G7: ROI % | I7: Genre | J7: Films | K7: Avg Rating | L7: Box Office ($M) | M7: % Share
A8: 1 | B8: Avengers Endgame | C8: 2019 | D8: Action | E8: 8.4 | F8: 2798 | G8: 685% | I8: Action | J8: 4 | K8: 8.2 | L8: 5524 | M8: 56.3%
A9: 2 | B9: Black Panther | C9: 2018 | D9: Action | E9: 7.3 | F9: 1347 | G9: 574% | I9: Sci-Fi | J9: 2 | K9: 8.7 | L9: 1537 | M9: 15.7%
A10: 3 | B10: Joker | C10: 2019 | D10: Drama | E10: 8.4 | F10: 1079 | G10: 1862% | I10: Drama | J10: 1 | K10: 8.4 | L10: 1079 | M10: 11.0%
A11: 4 | B11: The Dark Knight | C11: 2008 | D11: Action | E11: 9 | F11: 1005 | G11: 443% | I11: Thriller | J11: 1 | K11: 8.5 | L11: 258 | M11: 2.6%
A12: 5 | B12: Inception | C12: 2010 | D12: Sci-Fi | E12: 8.8 | F12: 836 | G12: 423% | I12: Horror | J12: 1 | K12: 7.7 | L12: 255 | M12: 2.6%
A13: 6 | B13: Interstellar | C13: 2014 | D13: Sci-Fi | E13: 8.6 | F13: 701 | G13: 325% | I13: Crime | J13: 1 | K13: 9.2 | L13: 245 | M13: 2.5%
A14: 7 | B14: Mad Max: Fury Road | C14: 2015 | D14: Action | E14: 8.1 | F14: 374 | G14: 149%
A15: 8 | B15: Parasite | C15: 2019 | D15: Thriller | E15: 8.5 | F15: 258 | G15: 2163%
A16: 9 | B16: Get Out | C16: 2017 | D16: Horror | E16: 7.7 | F16: 255 | G16: 5567%
A17: 10 | B17: The Godfather | C17: 1972 | D17: Crime | E17: 9.2 | F17: 245 | G17: 3983%
